id,date_display,date_start,date_end,date_precision,date_basis,event_title,description,category,evidence_type,source,source_link,source_type,verification_status,claim_source_map,unconfirmed_details,claims_and_disputes,notes_limitations,additional_sources
EK-001,1 Oct 1996,1996-10-01,none,day,confirmed,Ekiti State created from Ondo State,"Ekiti State was created out of Ondo State on 1 October 1996, with Ado-Ekiti as its capital. The state government says it was created alongside five other states and began with 16 Local Government Areas.",Government,official_statement,Ekiti State Government: About Ekiti,https://www.ekitistate.gov.ng/?p=444,Government website,Verified,"Creation date, parent state: state past-governors page. Capital, five other states, 16 LGAs: state About page.",none,none,Population figures on the state About page differ from other sources; see EK-008.,https://www.ekitistate.gov.ng/about-ekiti/past-governors
EK-002,7 Oct 1996 - Aug 1998,1996-10-07,1998-08,range,confirmed (start day); month only for end,Lt. Col. Mohammed Bawa becomes first military administrator,"Lt. Col. Mohammed Bawa was the first Administrator of Ekiti State, serving from 7 October 1996 to August 1998.",Government,official_record,Ekiti State Government: Past Governors,https://www.ekitistate.gov.ng/about-ekiti/past-governors,Government website,Verified,none,none,none,"The official list gives his rank as Lt. Col.; Wikipedia says Colonel, possibly a later rank. Use the official form.",https://en.wikipedia.org/wiki/Mohammed_Bawa
EK-004,Jul 1998,1998-07,none,month,stated_by_source,"Federal Medical Centre, Ido-Ekiti established","The Federal Medical Centre in Ido-Ekiti was established in July 1998 from the Ido-Ekiti General Hospital, which dated from 1954.",Health,institutional_statement,"Afe Babalola University: Background History of the Federal Medical Centre, Ido-Ekiti",https://www.abuad.edu.ng/hospital-facilities/,Institutional website,Needs primary source,none,Both the July 1998 date and the 1954 origin come from a note hosted on ABUAD's site; the hospital's own page has not been located.,none,Locate the original on fethi.gov.ng or a federal source.,"https://en.wikipedia.org/wiki/Federal_Teaching_Hospital,_Ido_Ekiti"
EK-003,Aug 1998 - 29 May 1999,1998-08,1999-05-29,range,confirmed (month for start),Navy Capt. Atanda Yusuf becomes administrator,Navy Captain Atanda Yusuf was Administrator of Ekiti State from August 1998 until civilian rule began on 29 May 1999.,Government,official_record,Ekiti State Government: Past Governors,https://www.ekitistate.gov.ng/about-ekiti/past-governors,Government website,Verified,none,none,none,none,https://en.wikipedia.org/wiki/Atanda_Yusuf
EK-005,29 May 1999 - 29 May 2003,1999-05-29,2003-05-29,range,confirmed,Niyi Adebayo becomes first elected civilian governor,"Otunba Niyi Adebayo of the Alliance for Democracy was Ekiti's first elected civilian governor, serving from 29 May 1999 to 29 May 2003.",Government,official_record,Ekiti State Government: Past Governors,https://www.ekitistate.gov.ng/about-ekiti/past-governors,Government website,Verified,none,none,none,none,https://en.wikipedia.org/wiki/Niyi_Adebayo
EK-006,1 Jun 1999,1999-06-01,none,day,stated_by_source,State House of Assembly complex inaugurated,"The complex housing the Ekiti State House of Assembly, built during Atanda Yusuf's time as administrator, was inaugurated by Governor Adebayo.",Infrastructure,reference_work,"Wikipedia: Atanda Yusuf (citing ThisDay, 9 Jan 2010)",https://en.wikipedia.org/wiki/Atanda_Yusuf,Reference (Wikipedia),Needs primary source,none,"Whole claim, including the date and who built and inaugurated it, rests on a Wikipedia page that cites a ThisDay article.",none,Find the original ThisDay article or an Assembly source.,none
EK-007,29 May 2003 - 19 Oct 2006,2003-05-29,2006-10-19,range,confirmed,Ayo Fayose becomes governor (first term),Ayo Fayose of the PDP took office on 29 May 2003 after defeating Niyi Adebayo. The official list gives the end of this tenure as 19 October 2006.,Government,official_record,Ekiti State Government: Past Governors,https://www.ekitistate.gov.ng/about-ekiti/past-governors,Government website,Verified,Start and end dates: state past-governors list. Defeat of Adebayo: THISDAY (2017).,none,none,none,https://www.thisdaylive.com/2017/05/31/the-judiciary-as-an-impediment/ | https://en.wikipedia.org/wiki/Ayo_Fayose
EK-008,21-27 Mar 2006,2006-03-21,2006-03-27,range,confirmed,National population census conducted; Ekiti totals reported differently,The national census was conducted between 21 and 27 March 2006. Sources give three different population totals for Ekiti State.,Other,official_record,Federal Government of Nigeria Gazette (2 Feb 2009),https://archive.gazettes.africa/archive/ng/2009/ng-government-gazette-dated-2009-02-02-no-2.pdf,Official gazette,Conflicting sources,Census dates: 2009 federal gazette.,Which Ekiti total is correct.,"Ekiti State Government says 2,384,212; CityPopulation (citing NPC/NBS) shows 2,398,957; Wikipedia shows 2,210,957.",No figure is selected here. Obtain the NPC state table before publishing any Ekiti population figure.,https://www.ekitistate.gov.ng/?p=444 | https://citypopulation.de/en/nigeria/admin/NGA013__ekiti/
EK-009,Oct 2006 (day disputed),2006-10,none,month,disputed,Governor Fayose impeached by the House of Assembly,The Ekiti State House of Assembly impeached Governor Ayo Fayose in October 2006. The state's official list says the Federal Government declared his brief replacement by the Speaker illegal.,Government,official_record,Ekiti State Government: Past Governors,https://www.ekitistate.gov.ng/about-ekiti/past-governors,Government website,Conflicting sources,"Official list: impeachment on 16 October, replacement declared illegal. SaharaReporters (15 Oct 2006) and THISDAY (2017): 15 October. Naija News (2026): 16 October citing state records.",Exact day (15 or 16 October).,Some reports describe the impeachment as controversial. On 14 April 2015 the Supreme Court dismissed the appeal against Fayose's 2014 victory; reports say it held impeachment is not a ground for disqualification and that the impeachment panel was illegally constituted (see EK-024).,Neither day is selected; the month is the only established precision.,https://saharareporters.com/2006/10/15/breaking-news-fayose-and-deputy-olujimi-impeached-his-whereabouts-still-unknown | https://www.thisdaylive.com/2017/05/31/the-judiciary-as-an-impediment/ | https://www.naijanews.com/2026/09/09/full-list-of-nigerian-governors-who-have-been-impeached/
EK-010,19 Oct 2006 - 27 Apr 2007,2006-10-19,2007-04-27,range,confirmed,Tunji Olurin appointed administrator after state of emergency,"Tunji Olurin served as Administrator of Ekiti State from 19 October 2006 to 27 April 2007, appointed after a state of emergency was declared in the state.",Government,official_record,Ekiti State Government: Past Governors,https://www.ekitistate.gov.ng/about-ekiti/past-governors,Government website,Verified,none,"Wikipedia adds that President Obasanjo declared the emergency, suspended the governor, deputy governor and Assembly, and that the National Assembly ratified it on 26 October 2006; none of that is confirmed here.",none,Removed from the description on purpose; needs a Presidency or National Assembly source.,https://en.wikipedia.org/wiki/Tunji_Olurin
EK-011,27 Apr - 29 May 2007,2007-04-27,2007-05-29,range,confirmed,Tope Ademiluyi serves as acting governor,Chief Tope Ademiluyi was Acting Governor of Ekiti State from 27 April to 29 May 2007.,Government,official_record,Ekiti State Government: Past Governors,https://www.ekitistate.gov.ng/about-ekiti/past-governors,Government website,Verified,none,none,none,none,https://www.zodml.org/discover-nigeria/states/ekiti-state
EK-012,29 May 2007,2007-05-29,none,day,confirmed,Segun Oni sworn in as governor,"Segun Oni of the PDP, declared winner of the April 2007 election, was sworn in on 29 May 2007. Kayode Fayemi challenged the result at the election tribunal.",Government,official_record,Ekiti State Government: Past Governors,https://www.ekitistate.gov.ng/about-ekiti/past-governors,Government website,Verified,Start date: state past-governors list. Declared winner and Fayemi's challenge: THISDAY (2017).,none,none,Oni's tenure was interrupted in 2009; see EK-046.,https://www.thisdaylive.com/2017/05/31/the-judiciary-as-an-impediment/ | https://en.wikipedia.org/wiki/Olusegun_Oni
EK-013,2009,2009,none,year,stated_by_source,Afe Babalola University established in Ado-Ekiti,"Afe Babalola University (ABUAD), a private non-profit university, was established in Ado-Ekiti in 2009.",Education,institutional_statement,Times Higher Education: Afe Babalola University profile,https://www.timeshighereducation.com/world-university-rankings/afe-babalola-university,Institutional website,Verified,Year: THE profile and the IAU/WHED directory; ABUAD's own site gives the same.,none,none,none,https://whed.net/institutions/IAU-000132 | https://www.abuad.edu.ng/afe-babalola-university-7-shocking-facts-youve-probably-never-heard-about-this-school/
EK-046,17 Feb - 6 May 2009,2009-02-17,2009-05-06,range,confirmed (state list and most sources give 17 Feb; Vanguard gives 14 Feb),Appeal Court voids part of 2007 result; Tunji Odeyemi acting governor; Oni returns after rerun,"On 17 February 2009 the Court of Appeal nullified the 2007 result in part and ordered reruns in 10 of the 16 LGAs. Speaker Tunji Odeyemi served as acting governor until 6 May 2009, when Segun Oni was sworn in again after the rerun.",Government,official_record,Ekiti State Government: Past Governors,https://www.ekitistate.gov.ng/about-ekiti/past-governors,Government website,Verified,"17 Feb 2009, Odeyemi's acting period to 6 May 2009 and the rerun order: state past-governors list. Oni sworn in again 6 May 2009: The Guardian Nigeria.","The rerun date (25 April 2009), 'reruns in 63 wards' (Vanguard) and '79 days' (Guardian, THISDAY) are not in the description. Vanguard dates the judgment 14 Feb 2009; most sources say 17 Feb.",none,The official list omits Oni's return after the rerun.,https://guardian.ng/politics/ekiti-east-by-election-and-specter-of-vicious-bloodletting-violence/ | https://www.vanguardngr.com/2010/10/ekiti-how-fayemi-became-governor/ | https://www.thisdaylive.com/2021/12/15/ekiti-2022-and-the-intriguing-battles-over-zoning/
EK-014,15-16 Oct 2010,2010-10-15,2010-10-16,range,confirmed (both days),Court of Appeal ends Oni's tenure; Kayode Fayemi sworn in,"On 15 October 2010 the Court of Appeal, sitting in Kwara State, declared Kayode Fayemi the duly elected governor of the 2007 election, ending Oni's tenure. Fayemi was sworn in on 16 October 2010.",Government,news_report,Vanguard: Ekiti: How Fayemi became governor (16 Oct 2010),https://www.vanguardngr.com/2010/10/ekiti-how-fayemi-became-governor/,News outlet,Verified,Court ruling on 15 Oct 2010: Vanguard (16 Oct 2010). Swearing-in on 16 Oct 2010: Ekiti State Government (?p=2128). Tenure end for Oni in 2010: state past-governors list and THISDAY (2017).,none,none,The official list labels Fayemi's first term APC; his party in 2010 was the ACN (the APC formed in 2013).,https://www.ekitistate.gov.ng/?p=2128 | https://www.thisdaylive.com/2017/05/31/the-judiciary-as-an-impediment/ | https://en.wikipedia.org/wiki/Kayode_Fayemi
EK-016,2011,2011,none,year,stated_by_source,University of Ado-Ekiti renamed Ekiti State University,The University of Ado-Ekiti became Ekiti State University (EKSU) in 2011.,Education,reference_work,Wikipedia: Ekiti State University,https://en.wikipedia.org/wiki/Ekiti_State_University,Reference (Wikipedia),Needs primary source,none,"The 2011 renaming rests on Wikipedia. The university's own page confirms the 1982 origin as Obafemi Awolowo University, Ado-Ekiti, but not the 2011 date.",none,Find the renaming law or an EKSU source.,https://eksu.edu.ng/about-eksu/
EK-017,2011,2011,none,year,stated_by_source,Federal University Oye-Ekiti established,Federal University Oye-Ekiti (FUOYE) was established in 2011.,Education,institutional_statement,Federal University Oye-Ekiti: official website,https://fuoye.edu.ng/,Institutional website,Verified,Year: the university's home page ('Estd. 2011').,Campuses at Oye-Ekiti and Ikole-Ekiti and a first graduating set in 2015 are from Wikipedia and are not in the description.,none,none,https://en.wikipedia.org/wiki/Federal_University_Oye_Ekiti
EK-015,Jul 2011,2011-07,none,month,stated_by_source,Rehabilitation of Ikogosi Warm Springs Resort begins,"The Fayemi administration began rehabilitating the Ikogosi Warm Springs Resort, which had suffered years of neglect, in July 2011.",Tourism,official_statement,Ekiti State Government: The re-birth of Ikogosi Warm Springs Resort,https://www.ekitistate.gov.ng/archives/3943,Government website,Single source,none,Only the state's own article supports the month.,none,The article is dated 4 Aug 2012. Site history (Baptist camp 1952; Ondo State acquired it 1978) is in the AJLA Journal case study.,https://www.ajlajournal.org/articles/ecotourism-landscape-regeneration-a-case-study-of-ikogosi-warm-springs-resort-ekiti-state-nigeria
EK-018,25 Oct 2011,2011-10-25,none,day,stated_by_source,Ekiti launches Social Security Scheme for the elderly,"Monthly payments of N5,000 to indigent citizens aged 65 and above began on 25 October 2011, starting with about 10,000 beneficiaries at Ise-Ekiti and later rising to around 20,000.",Government,official_statement,Ekiti State Government: Ekiti Marks 2nd Anniversary Of Social Security For Elderly Citizens,https://www.ekitistate.gov.ng/?p=9102,Government website,Verified,none,none,"The state describes the scheme as the first of its kind in Nigeria, West Africa or sub-Saharan Africa (the wording varies). This is a government claim and is not independently verified.",Several official articles agree on the date.,https://www.ekitistate.gov.ng/?p=6412 | https://ekitistate.gov.ng/?p=2909
EK-019,Mar 2012 (day inferred),2012-03,none,month,inferred,Social Security Scheme backed by law,"Governor Fayemi signed the Social Security bill into law in March 2012, giving the elderly-stipend scheme legal backing.",Government,official_statement,Ekiti State Government: Fayemi Signs Social Security Bill To Law,https://www.ekitistate.gov.ng/?p=1763,Government website,Single source,none,"The exact day. The article is dated 18 Mar 2012 and says 'Friday', which suggests 16 Mar, but that is an inference.",none,The law's text or gazette copy has not been seen.,none
EK-020,Oct 2012 (inferred),2012-10,none,month,inferred,Redeveloped Ikogosi resort opened to the public,"The refurbished Ikogosi resort was opened to the public around October 2012, marking the second year of the Fayemi administration. Full operations were announced for April 2013.",Tourism,official_statement,Ekiti State Government: Ikogosi Warm Spring Resort feature,https://www.ekitistate.gov.ng/?p=5909,Government website,Single source,none,The month is inferred from 'second year in office'; the article carries no explicit opening date.,none,none,https://ekitistate.gov.ng/?p=6305 | https://ekitistate.gov.ng/?p=6586
EK-021,12 Aug 2013 (stated by governor),2013-08-12,none,day,stated_by_source,Ekiti Knowledge Zone conceived,"Governor Oyebanji has stated that the Ekiti Knowledge Zone, a technology and innovation hub, was conceived on 12 August 2013 under Governor Fayemi. TechCabal independently dates the blueprint to 2013.",Technology,official_statement,Ekiti State Government: Ekiti Knowledge Zone sod-turning report,https://www.ekitistate.gov.ng/archives/33184,Government website,Single source,Exact day: governor's statement in the state report. Year 2013: TechCabal.,The exact day rests on one statement made in 2026.,none,An earlier draft wrongly said 2019.,https://techcabal.com/2025/08/11/80m-ekiti-knowledge-zone-construction-to-begin-in-2026/
EK-022,21 Jun 2014,2014-06-21,none,day,"confirmed (election day, per INEC declaration document); declaration date not stated in the extracted table","Fayose wins 2014 governorship election, defeating incumbent Fayemi","In INEC's declaration of results for the Ekiti governorship election held on 21 June 2014, Ayo Fayose (PDP) was declared elected with 203,090 votes, ahead of Kayode Fayemi (APC) with 120,433.",Government,official_record,"INEC: Declaration of Results, Ekiti State Governorship Election, June 21, 2014",https://www.inecnigeria.org/wp-content/uploads/2019/02/DECLARATION-EKITI-STATE-GOV-ELECTION-RESULT-1.pdf,INEC record,Verified,"Election date, candidates, vote totals and 'ELECTED' remark: INEC declaration document. Fayemi's party is given as APC in 2014 (his party in 2010 was the ACN).",Date of the declaration itself is not stated in the extracted INEC table. Overall turnout and total-votes figures were not used because the table's labels could not be matched with confidence.,The APC argued Fayose was ineligible because of his 2006 impeachment (THISDAY 2017); the Supreme Court dismissed the appeal on 14 Apr 2015 (see EK-024).,Wikipedia's percentages (58.58 and 34.74) use a different base from INEC's (56.34 and 33.41 of votes cast).,https://dailytrust.com/ekiti-election-we-are-all-winners/ | https://www.thisdaylive.com/2017/05/31/the-judiciary-as-an-impediment/
EK-047,15 Oct - 15 Nov 2014,2014-10-15,2014-11-15,range,stated_by_source,FMC Ido-Ekiti approved as teaching hospital for ABUAD students,"President Goodluck Jonathan approved, in a letter dated 15 October 2014, the upgrade of the Federal Medical Centre, Ido-Ekiti, to a Federal Teaching Hospital for the clinical training of Afe Babalola University students for ten years. ABUAD signed a memorandum of understanding with the hospital on 15 November 2014.",Health,institutional_statement,"Afe Babalola University: Jonathan upgrades FMC, Ido-Ekiti to Teaching Hospital Status",https://www.abuad.edu.ng/jonathan-upgrades-fmc-ido-ekiti-to-teaching-hospital-status/,Institutional website,Single source,none,"Both items come from ABUAD, a party to the agreement; the letter itself has not been seen.",ABUAD reports spending N2.5 billion on upgrades; this is ABUAD's own figure.,Confirm with the Federal Ministry of Health.,https://www.abuad.edu.ng/abuad-signs-memorandum-of-understanding-mou-with-federal-medical-centre-fmc-ido-ekiti-and-donate-n25billion-for-hospitals-upgrade/
EK-023,16 Oct 2014 - 16 Oct 2018,2014-10-16,2018-10-16,range,confirmed,Ayo Fayose's second term begins,The official list gives Ayo Fayose's second term as 16 October 2014 to 16 October 2018.,Government,official_record,Ekiti State Government: Past Governors,https://www.ekitistate.gov.ng/about-ekiti/past-governors,Government website,Verified,none,none,none,none,https://www.thisdaylive.com/2017/05/31/the-judiciary-as-an-impediment/
EK-024,14 Apr 2015,2015-04-14,none,day,confirmed (two reports published on the day of the judgment),"Supreme Court dismisses APC appeal, affirming Fayose's 2014 victory",On 14 April 2015 the Supreme Court dismissed the APC's appeal against Ayo Fayose's victory in the June 2014 governorship election. Reports say it held that impeachment is not a ground for disqualification under section 182 of the Constitution and that the 2006 impeachment panel was illegally constituted.,Government,news_report,"BusinessDay: Supreme Court dismisses APC's appeal, affirms Ayo Fayose governor (14 Apr 2015)",https://businessday.ng/uncategorized/article/supreme-court-dismisses-apcs-appeal-affirms-ayo-fayose-governor/,News outlet,Needs primary source,"Date, dismissal of the appeal and the two findings: BusinessDay and Vanguard, both dated 14 Apr 2015. Disqualification finding also in THISDAY (2017).",The judgment itself has not been read. Reports differ in emphasis: THISDAY states only the disqualification finding; Vanguard and BusinessDay also report that the impeachment was not valid.,none,"Obtain the Supreme Court judgment (lead judgment reported as delivered by Justice Ngwuta, panel led by Justice Fabiyi) or a law report. Kept as Needs primary source until then.",https://www.vanguardngr.com/2015/04/breaking-news-supreme-court-affirms-fayoses-victory/ | https://www.thisdaylive.com/2017/05/31/the-judiciary-as-an-impediment/ | https://medium.com/@barometerng/throwback-gov-ayo-fayose-impeachment-saga-of-2006-4613726281a8
EK-025,2016,2016,none,year,stated_by_source,Ekiti State Health Insurance Scheme law signed,The state government states that it signed into law the bill establishing the Ekiti State Health Insurance Scheme.,Health,official_statement,Ekiti State Government: Ekiti Health Insurance Scheme page,https://www.ekitistate.gov.ng/ekhis/,Government website,Single source,none,"Month and day, and the law's text.",none,In Feb 2021 the state was still describing the scheme as being rolled out.,https://www.ekitistate.gov.ng/?p=22500
EK-026,29 Aug 2016,2016-08-29,none,day,confirmed,Anti-open grazing law signed,"Governor Fayose signed the Prohibition of Cattle and Other Ruminants Grazing in Ekiti Law, 2016, restricting grazing to set hours and designated areas, after an attack in Oke-Ako, Ikole LGA.",Government,news_report,Ripples Nigeria: Fayose's anti-grazing law stirs controversy,https://ripplesnigeria.com/fayoses-anti-grazing-law-stirs-controversy,News outlet,Needs primary source,none,The law's text or a gazette copy has not been seen; the description comes from news reports.,"Herders' groups contested the law (Channels TV, Oct 2016).",Two news outlets give the same date. A state Assembly or gazette source is needed for a law.,https://thewillnews.com/fayose-signs-bill-prohibiting-herdsmen-grazing-with-arms-action-now-becomes-terrorism-in-ekiti/ | https://www.channelstv.com/2016/10/22/cattle-breeders-seek-fgs-intervention-in-ekiti-restrictions
EK-027,Oct 2017,2017-10,none,month,stated_by_source,ABUAD Teaching Hospital (400 beds) inaugurated,The 400-bed Afe Babalola University Teaching Hospital in Ado-Ekiti was inaugurated in October 2017. Vice President Yemi Osinbajo was represented by Health Minister Prof. Isaac Adewole.,Health,institutional_statement,Afe Babalola University: Osinbajo inaugurates ABUAD Teaching Hospital (culled from Punch),https://www.abuad.edu.ng/?p=11856,Institutional website,Single source,none,The source is the hospital owner's site reprinting a news report; the original Punch article has not been located.,none,An ABUAD notice scheduled the commissioning for 20 Oct 2017. An earlier draft said Osinbajo commissioned it in person.,https://www.abuad.edu.ng/vice-president-prof-yemi-osinbajo-commissions-abuad-multi-system-hospital/ | https://en.wikipedia.org/wiki/Afe_Babalola_University_Teaching_Hospital
EK-028,14-15 Jul 2018,2018-07-14,2018-07-15,range,confirmed (election day 14 Jul; declaration 15 Jul),Fayemi declared winner of governorship election,"The governorship election was held on 14 July 2018. On 15 July INEC's chief returning officer declared Kayode Fayemi (APC) the winner with 197,459 votes against 178,121 for Kolapo Olusola (PDP), as reported by Channels TV, THISDAY and ICIR.",Government,news_report,Channels TV: INEC Announces Ekiti Governorship Election Results (15 Jul 2018),https://www.channelstv.com/2018/07/15/inec-announces-ekiti-governorship-election-results-full-list/,News outlet,Needs primary source,"Declaration on 15 Jul and totals: Channels TV, THISDAY, ICIR. Election day 14 Jul: Wikipedia and THISDAY.",INEC's own declaration document has not been read. Sources also disagree on how many LGAs Fayemi won (11 to 13).,none,"THISDAY's own 'Final Result' page (15 Jul 2018) gives 197,459 and 178,121 with 384,594 valid votes, 18,857 rejected, 403,451 votes cast and 909,585 registered voters, which agrees with Channels TV and ICIR. Wikipedia's page gives 197,462 and 177,927 and credits them to THISDAY, but they do not match THISDAY's page, so they are treated as a Wikipedia error, not a conflict between credible sources. INEC posted its results on its official X account (status 1018205951625777155), which could not be read automatically.",https://www.thisdaylive.com/index.php/2018/07/15/2018-ekiti-state-gubernatorial-election-final-result | https://thisdaylive.com/index.php/2018/07/15/inec-declares-fayemi-winner | https://www.icirnigeria.org/fayemi-defeats-olusola-pdp-candidate/ | https://x.com/inecnigeria/status/1018205951625777155
EK-029,16 Oct 2018 - 16 Oct 2022,2018-10-16,2022-10-16,range,confirmed,Kayode Fayemi's second term,The official list gives Kayode Fayemi's second term as 16 October 2018 to 16 October 2022.,Government,official_record,Ekiti State Government: Past Governors,https://www.ekitistate.gov.ng/about-ekiti/past-governors,Government website,Verified,none,none,none,none,https://www.zodml.org/discover-nigeria/states/ekiti-state
EK-030,Late 2019,2019,none,year,approximate,Construction of Ekiti airport begins,"Construction of the airport in Ado-Ekiti, later named the Ekiti Agro-Allied International Cargo Airport, began in late 2019 under Governor Fayemi.",Infrastructure,news_report,ch-aviation: Ado Ekiti opens for first commercial flights,https://www.ch-aviation.com/news/161786-ado-ekiti-nigeria-opens-for-first-commercial-flights,News outlet,Verified,Late 2019 start: ch-aviation. Construction began under Fayemi ('six years ago' in Dec 2025): TheCable.,none,"Governor Oyebanji credits four administrations: Oni conceived it, Fayose acquired the site, Fayemi began construction and Oyebanji completed it (TheCable).",none,https://www.thecable.ng/ekiti-airport-begins-commercial-flight-operations/
EK-031,2020,2020,none,year,derived (from 'last year' in two 2021 reports),"College of Education, Ikere-Ekiti upgraded to a university (now BOUESTI)","Governor Fayemi signed into law in 2020 the bill upgrading the College of Education, Ikere-Ekiti (established 5 December 1977) to a university. By January 2021 it was operating as Bamidele Olumilua University of Education, Science and Technology.",Education,news_report,"Nigerian NewsDirect: Newly-established Bamidele Olumilua Varsity gets VC, Registrar (7 Jan 2021)",https://nigeriannewsdirect.com/newly-established-bamidele-olumilua-varsity-gets-vc-registrar-others-2/,News outlet,Verified,"Bill signed 'last year' (2020), 1977 founding, name in use by Jan 2021: Nigerian NewsDirect. Upgrade 'last year' (2020): Vanguard (12 Feb 2021).","The exact date. One listing gives 16 Oct 2020 citing the university site; not confirmed. Wikipedia adds that the Assembly passed the bill in 2020 and that it was first named Ekiti State University of Education, Science and Technology.",none,The year is derived from 'last year' in two 2021 reports.,"https://www.vanguardngr.com/2021/02/fayemi-appoints-olanipekun-as-chancellor-of-new-ekiti-varsity/ | https://en.wikipedia.org/wiki/College_of_Education,_Ikere_Ekiti | https://www.listofuni.com/university/bamidele-olumilua-university-of-education-science-and-technology-ikere-ekiti"
EK-036,2022 or 2023 (unresolved),2022,2023,range,disputed,Ikogosi Warm Springs Resort placed under private concession,"The state handed management of the Ikogosi resort to Glocient Hospitality Limited, a Cavista Holdings subsidiary, under a 15-year build-operate-transfer concession.",Tourism,news_report,THISDAY: Glocient Hospitality Urges Tourists to Visit Ikogosi (22 Jul 2023),https://thisdaylive.com/index.php/2023/07/22/glocient-hospitality-urges-tourists-to-visit-ikogosi,News outlet,Conflicting sources,Concession terms and operator: THISDAY. Year 2022: facts.ng.,"The signing year. The THISDAY article is dated July 2023 but refers to a concession ceremony in 'October 2023', which cannot be right.",none,The range records the conflict; no year is selected. Confirm with the Ministry of Tourism.,https://facts.ng/places/ikogosi-warm-springs-resort | https://thisdaylive.com/index.php/2025/01/11/ikogosi-warm-springs-resort
EK-037,2022-2023 (unresolved),2022,2023,range,approximate,Ido-Ekiti listed among four new federal teaching hospitals,"A National Assembly Act created new Federal Teaching Hospitals, including one at Ido, according to Voice of Nigeria.",Health,news_report,Voice of Nigeria: Vice Chancellor commends President Buhari's efforts to improve healthcare delivery,https://von.gov.ng/vice-chancellor-commends-president-buharis-efforts-to-improve-healthcare-delivery/,News outlet,Needs primary source,none,"The Ido-specific date and the Act's text. The article's dates (Senate passage 21 Jun 2022, presidential approval 10 Feb 2023) are given for Lokoja.",none,The 2014 approval that first made the hospital a teaching hospital for ABUAD is a separate entry (EK-047).,"https://en.wikipedia.org/wiki/Federal_Medical_Centre,_Ido_Ekiti"
EK-033,18-19 Jun 2022,2022-06-18,2022-06-19,range,confirmed (election date on INEC's declaration; INEC's post is dated 19 Jun 2022),Oyebanji declared winner of 2022 governorship election,"The governorship election was held on 18 June 2022. In INEC's declaration of result, Biodun Oyebanji (APC) was declared elected with 187,057 votes, ahead of Segun Oni (SDP) with 82,211 and Bisi Kolawole (PDP) with 67,457. INEC's graphic records 351,865 valid votes and a turnout of 36.74 percent.",Government,official_record,"INEC (official Facebook page): Declaration of Result, Ekiti State Governorship Election, 18 June 2022 (posted 19 Jun 2022)",https://www.facebook.com/inecnigeria/posts/declaration-of-result-of-the-ekiti-state-governorship-election-held-on-saturday-/404942308325501/,INEC record,Verified,"All figures: INEC's declaration graphic. Check: the 16 candidates' votes add up to the 351,865 valid votes, and valid plus 8,888 rejected equals the 360,753 votes cast.","The graphic is INEC's public summary, not the signed Form EC8E. Declaration time is not shown; the post is dated 19 Jun 2022.","Segun Oni (SDP) filed a petition challenging the result (Guardian, 17 Jul 2022); the outcome has not been checked.","INEC's figure for Oni (82,211) differs from the Guardian's 82,209 and THISDAY's 82,459. Wikipedia gives turnout as 36.47 percent; INEC's graphic says 36.74 percent, which matches accredited over registered voters (363,438 of 989,224). Dataphyte cites 988,923 registered voters for 2022, against INEC's 989,224.",https://guardian.ng/politics/oni-and-penchant-for-seeking-judicial-validation-of-elections/ | https://www.ekitistate.gov.ng/archives/24343 | https://en.wikipedia.org/wiki/2022_Ekiti_State_gubernatorial_election
EK-032,Aug 2022,2022-08,none,month,approximate,MICS6 results show Ekiti with second-lowest out-of-school rate,"Results of the Multiple Indicator Cluster Survey 6, presented by a UNICEF official in August 2022, are reported to put Ekiti's out-of-school rate at 2 percent, second only to Imo at 1 percent.",Education,news_report,"Prime Business Africa: Imo, Ekiti Record Lowest Number Of Out Of School Children (31 Aug 2022)",https://www.primebusiness.africa/imo-ekiti-record-lowest-number-of-out-of-school-children-surveys,News outlet,Needs primary source,none,The survey's own state table; the age range and exact figure.,none,"Several outlets quote the same UNICEF official, so they are one underlying source. Find the NBS/UNICEF MICS6 report.",https://ripplesnigeria.com/imo-ekiti-have-lowest-number-of-out-of-school-children-in-nigeria-unicef | https://von.gov.ng/?p=163584 | https://dubawa.org/fact-checking-oyebanjis-election-broadcast-claims/?amp=1
EK-035,Oct 2022 (year disputed),2022-10,none,month,disputed,Ekiti airport ceremonially commissioned while unfinished,Governor Fayemi commissioned the airport in a ceremony shortly before leaving office; the state government of the day said the facility was still under construction.,Infrastructure,news_report,SaharaReporters: Ekiti Government confirms airport still under construction (22 Oct 2022),https://saharareporters.com/2022/10/22/ekiti-government-confirms-saharareporters-story-says-cargo-airport-commissioned-ex,News outlet,Conflicting sources,October 2022: SaharaReporters report dated 22 Oct 2022 and Fayemi's tenure ending 16 Oct 2022. October 2023: Daily Trust.,The year of the ceremony.,none,Basis for recording 2022: the contemporaneous report and the end of Fayemi's tenure. Not treated as settled; confirm with an official source.,https://dailytrust.com/first-commercial-flight-lands-at-ekiti-airport/
EK-034,16 Oct 2022,2022-10-16,none,day,confirmed,Oyebanji sworn in as governor,"Biodun Oyebanji was sworn in as governor of Ekiti State on Sunday 16 October 2022, succeeding Kayode Fayemi.",Government,official_statement,Ekiti State Government: Governor Oyebanji: My Vision is for Ekiti to be a Land of Prosperity,https://www.ekitistate.gov.ng/archives/24343,Government website,Verified,Date and swearing-in: state report; state past-governors list (Fayemi's term ends 16 Oct 2022); THISDAY and Channels TV.,none,none,none,https://thisdaylive.com/index.php/2022/10/16/oyebanji-sworn-in-as-ekiti-gov-promises-prosperity-abundance | https://www.channelstv.com/2022/10/16/breaking-oyebanji-takes-oath-of-office-as-ekiti-governor
EK-039,2024 (late Aug or early Sep),2024,none,year,approximate,Udiroko festival 2024: senators donate N110 million to Ado-Ekiti,"At the 2024 Udiroko festival in Ado-Ekiti, Senate leaders donated N110 million toward the town's development and Senate President Akpabio was installed as an honorary chief.",Culture,news_report,Tribune Online: Udiroko festival 2024,https://tribuneonlineng.com/udiroko-festival-celebrating-culture-tradition-towards-devpt-of-ado-ekiti/,News outlet,Single source,none,The festival's exact date; the article is dated 6 Sep 2024.,none,none,none
EK-048,Feb 2024,2024-02,none,month,approximate,Ekiti partners Agbeyewa Farms on cassava investment,"The state government announced a partnership with Agbeyewa Farms, a Cavista Holdings subsidiary, starting with a 100-hectare cassava plantation at Ipao-Ekiti, Ikole LGA.",Agriculture,news_report,"THISDAY: Agbeyewa Farm Set to Enhance Food Security, Create Jobs in Ekiti (23 Feb 2024)",https://www.thisdaylive.com/2024/02/23/agbeyewa-farm-set-to-enhance-food-security-create-jobs-in-ekiti/,News outlet,Single source,none,The month (the article date is 23 Feb 2024). Later scale figures are not in the description.,"Reported claims: a 5,000-hectare farm (state Assembly, Guardian, Aug 2025); 1,500 hectares of cassava and 'largest cassava producer in Nigeria' (allAfrica, Feb 2025); an MoU for 100,000 hectares over ten years (Vanguard, Apr 2025). None is verified.","The state's Agriculture page also cites over $50 million in rice, cassava and dairy investments (undated).",https://guardian.ng/features/agro-care/ekiti-assembly-hails-agbeyewa-farms-says-agric-revolution-will-end-hunger-in-nigeria/ | https://allafrica.com/stories/202502280634.html | https://ekitistate.gov.ng/newsite/agriculture-and-rural-development/
EK-038,22 Feb 2024,2024-02-22,none,day,confirmed (press release date),African Development Bank announces $80 million for Ekiti Knowledge Zone,"The African Development Bank announced an $80 million commitment to the Ekiti Knowledge Zone project, including a 20-hectare green technology park and ICT training for over 19,000 young people.",Technology,official_statement,African Development Bank press release,https://www.afdb.org/en/news-and-events/press-releases/catalyzing-digital-innovation-african-development-bank-commits-80-million-ekiti-knowledge-zone-project-nigeria-68862,International organisation,Verified,none,none,none,The date is the release date; the formal board approval date may differ.,none
EK-040,Oct 2024 (day differs),2024-10,none,month,disputed,80-bed multipurpose hospital complex flagged off at EKSUTH,"Governor Oyebanji flagged off construction of an 80-bed multipurpose medical building at the Ekiti State University Teaching Hospital, Ado-Ekiti, in October 2024.",Health,official_statement,Ekiti State Government: Gov. Oyebanji Flags Off Multipurpose 80 Bed Hospital Facility At EKSUTH,https://www.ekitistate.gov.ng/?p=29579,Government website,Verified,Event and month: state report and Dubawa.,The day: the state article was posted 18 Oct 2024 and says the governor spoke 'on Thursday' (17 Oct); Dubawa says 18 Oct.,none,Completion status has not been checked.,https://dubawa.org/fact-checking-oyebanjis-election-broadcast-claims/?amp=1
EK-049,May 2025,2025-05,none,month,approximate,Ekiti receives National Sports Festival torch; sports complex and stadium works under way,Ekiti received the torch of unity for the Ogun 2025 National Sports Festival. The state said it was building a 900-seat indoor sports complex and renovating the Oluyemi Kayode Stadium in Ado-Ekiti.,Sports,official_statement,Ekiti State Government: Ekiti Receives Ogun 2025 National Sports Festival Torch Of Unity,https://www.ekitistate.gov.ng/archives/30921,Government website,Single source,none,Exact date; whether the projects were completed.,none,"Sports remains a research gap: medals, hosting rights and athlete milestones are still to be found.",https://guardian.ng/sport/echoes-from-barcelona-92-olympics-as-athletes-storm-ado-ekiti-for-afn-classics/
EK-041,Oct 2025,2025-10,none,month,approximate,NCAA approves commercial operations at Ekiti airport,The Nigerian Civil Aviation Authority granted a six-month approval for commercial operations at the Ado-Ekiti airport in early October 2025.,Infrastructure,news_report,ch-aviation: Ado Ekiti opens for first commercial flights,https://www.ch-aviation.com/news/161786-ado-ekiti-nigeria-opens-for-first-commercial-flights,News outlet,Verified,Approval and timing: ch-aviation. The state government also announced the approval (undated in the item cited).,none,none,none,https://www.ekitistate.gov.ng/archives/31871
EK-050,19-23 Nov 2025,2025-11-19,2025-11-23,range,stated_by_source,Ewi of Ado-Ekiti marks 35th coronation anniversary and 80th birthday,"Oba Rufus Adejugbe Aladesanmi III, the Ewi of Ado-Ekiti, celebrated 35 years on the throne and his 80th birthday with a five-day programme.",Culture,official_statement,"Ekiti State Government: Gov. Oyebanji Congratulates Ewi Of Ado Ekiti On 80th Birthday, 35th Coronation Anniversary",https://www.ekitistate.gov.ng/archives/32102,Government website,Verified,Anniversary and birthday: state report and Voice of Nigeria.,The 1990 start of the reign is from Wikipedia and is implied by the 35-year count.,"The governor's statement credits the Ewi with a pivotal role in the campaign for Ekiti's creation; this is a government statement, not independently verified.",none,https://von.gov.ng/nigerian-monarch-celebrates-35th-coronation-anniversary/ | https://tribuneonlineng.com/in-my-35-years-on-the-throne-i-have-united-ado-ekiti-citizens-ewi-oba-adejugbe-2/
EK-042,10 Dec 2025,2025-12-10,none,day,confirmed,First commercial flight lands at Ekiti Agro-Allied International Cargo Airport,"United Nigeria Airlines operated the first commercial flight to the airport, connecting Ado-Ekiti with Abuja and Lagos.",Infrastructure,news_report,TheCable: Ekiti airport begins commercial flight operations,https://www.thecable.ng/ekiti-airport-begins-commercial-flight-operations/,News outlet,Verified,"Flight and date: TheCable, ch-aviation and Daily Trust.",none,The state says it spent about N49.77 billion directly on the project (TheCable); this figure is the state's own.,none,https://www.ch-aviation.com/news/161786-ado-ekiti-nigeria-opens-for-first-commercial-flights | https://dailytrust.com/first-commercial-flight-lands-at-ekiti-airport/
EK-043,9 Jun 2026,2026-06-09,none,day,confirmed,Sod turned for Ekiti Knowledge Zone,"Vice President Kashim Shettima, representing President Tinubu, turned the sod for the Ekiti Knowledge Zone at Ago Araromi, Ado-Ekiti, on Tuesday 9 June 2026.",Technology,official_statement,"Ekiti State Government: Ekiti Knowledge Zone 'll Be Nigeria's Innovation, Job Creation Hub",https://www.ekitistate.gov.ng/archives/33184,Government website,Verified,"Event and 'Tuesday': state report. Date: THISDAY and Nigeria Startup Act report, both dated 9 Jun 2026.",none,"The state projects up to 100,000 jobs; this is a government forecast.",none,https://www.thisdaylive.com/2026/06/09/ekz-sod-turning-confirms-states-rise-as-innovation-hub-oyebimpe-rukiat-bello/ | https://www.nigeriastartupact.ng/ekiti-to-create-100000-jobs-under-new-knowledge-zone-project/
EK-044,20-21 Jun 2026,2026-06-20,2026-06-21,range,confirmed (election day 20 Jun; declaration at about 3:13 a.m. on Sunday 21 Jun),Oyebanji declared winner of governorship election,"The governorship election was held on 20 June 2026. At about 3:13 a.m. on Sunday 21 June, INEC's State Returning Officer, Prof. Adenike Oladiji, declared Biodun Oyebanji (APC) the winner with 319,224 votes, against 40,543 for Wole Oluyede (PDP) and 12,872 for Dare Bejide (ADC). The announced totals were 384,940 accredited voters, 375,777 valid votes, 6,332 rejected votes and 382,109 votes cast.",Government,news_report,"Channels TV: INEC declares APC's Oyebanji winner of Ekiti governorship election (updated, 21 Jun 2026)",https://www.channelstv.com/2026/06/21/inec-declares-apcs-oyebanji-winner-of-ekiti-gov-election/,News outlet,Needs primary source,"Declaration, time, Returning Officer and all totals: Channels TV, Vanguard and Daily Trust. Full party table: ThisDay live updates and a Channels Television results graphic (data source INEC). Check: the 15 party totals in that table add up to 375,777 only if the PDP total is 40,543, and valid plus rejected votes equal the 382,109 votes cast.","INEC's own declaration document (Form EC8E or INEC's declaration post) has not been read, so the result stays marked as awaiting a primary record even though the reporting is consistent. The PDP total is printed as 40,533 by The Whistler and Premium Times; the arithmetic above shows 40,543 is the consistent figure, so 40,533 is almost certainly a typographical error. Other slips: Vanguard labels the ADC candidate ADP, TVC News gives 375,778 valid votes, and one Premium Times item prints the ADC total as 2,872. The reported win in all 16 LGAs (Premium Times, allAfrica) is not in the description; INEC's LGA table has not been read.","Reported claims, not findings: the ADC candidate alleged irregularities and Oyebanji rejected the claim (Channels TV); observers' concerns about vote-buying and intimidation were reported by Legit.ng and Dataphyte; Yiaga Africa's observation mission raised concerns about the consistency of materials INEC deployed after late candidate-list changes (Channels TV). A pre-election challenge to his APC nomination was dismissed by the Supreme Court (Legit.ng, 24 Jul 2026). Characterisation by media: Premium Times (22 Jun 2026) calls him the first Ekiti governor to secure consecutive re-election, and allAfrica (22 Jun 2026) says he is the first governor re-elected back to back since the state's creation; Dataphyte (19 Jun 2026) notes that no incumbent had won a second consecutive term. Before the vote, Legit.ng and allAfrica (19 Jun) said no incumbent had won re-election since the 1999 return to elected government and that Adebayo, the first governor, served a single term. Premium Times adds that Fayose and Fayemi each served two non-consecutive terms. None of this is an INEC statement.","Media characterisations are attributed, not adopted. Our own tenure list raises no contradiction, but that is a sanity check, not a source. Registered-voter figures differ: 988,251 in the results graphic and The Whistler, against about 1.06 million in pre-election reports (Dataphyte); not used. The researcher also viewed a Channels Television Facebook results graphic ('Final Results of Ekiti Guber Election 2026', data source INEC); share link https://www.facebook.com/share/18RPb21jmd/ (its target could not be machine-checked).",https://dailytrust.com/inec-declares-oyebanji-winner-of-ekiti-governorship-election/ | https://www.vanguardngr.com/2026/06/inec-declares-oyebanji-winner-of-ekiti-governorship-election/ | https://www.thisdaylive.com/2026/06/21/live-updates-ekiti-governorship-election-2026/ | https://www.tvcnews.tv/breaking-apcs-oyebanji-wins-ekiti-governorship-election-with-319224-votes/ | https://saharareporters.com/2026/06/20/live-2026-ekiti-governorship-election-results-inec-collation-centre | https://www.pulse.ng/story/inec-declares-incumbent-oyebanji-winner-of-ekiti-state-governorship-election-2026062114332112894 | https://www.premiumtimesng.com/regional/ssouth-west/889497-its-official-inec-declares-apcs-oyebanji-winner-of-ekiti-governorship-election.html | https://www.premiumtimesng.com/regional/ssouth-west/889505-ekitidecides2026-oyebanji-secures-second-term-defies-ekitis-history-of-unseating-incumbents.html | https://allafrica.com/stories/202606220110.html | https://allafrica.com/stories/202606190009.html | https://www.dataphyte.com/topic/elections/ekiti-governorship-elections-2026-gov-oyebanji-secures-second-term-with-landslide-victory | https://www.dataphyte.com/topic/elections/ekiti-governorship-election-2026-the-anti-incumbency-pattern-and-apcs-current-dominance | https://thewhistler.ng/inec-declares-oyebanji-winner-of-ekiti-governorship-election/ | https://www.legit.ng/politics/1715377-ekiti-election-2026-live-update-news-latest-developments/ | https://www.legit.ng/politics/1721272-breaking-supreme-court-verdict-ekiti-governorship-election/
EK-045,2026 (Aug),2026-08,none,month,approximate,Udiroko festival 2026 celebrated in Ado-Ekiti,Ado-Ekiti celebrated the Udiroko festival in August 2026.,Culture,news_report,Channels TV: Ado-Ekiti celebrates Udiroko Festival (21 Aug 2026),https://www.channelstv.com/2026/08/21/heritage-unity-progress-on-display-as-ado-ekiti-celebrates-udiroko-festival/,News outlet,Single source,none,The exact festival date.,"Origin: tradition dates the festival to about 1310 AD under Oba Awamaro, the first Ewi (Ekiti State Government). This is a traditional account, not a documented record.",none,https://www.ekitistate.gov.ng/archives/4314
